id,predict_prob
0,0.004872858157490934
1,0.00043295800836663426
2,0.014336508048732703
3,0.0004403044678215597
4,0.0011623360674199153
5,0.001872188077018805
6,0.0002898621833171517
7,0.0352197097114366
8,0.006749273370916857
9,0.02560231344863613
10,0.0029230272102098555
11,0.1092542646021578
12,0.02812334632924954
13,0.0003206115521554361
14,0.0007525917964939941
15,0.04197376393995285
16,0.002331967200801694
17,0.002419697857114853
18,0.030632895196199952
19,0.0039193173976410835
20,0.004928734734134246
21,0.19031320546619543
22,0.45209821646742127
23,0.001088628477234188
24,0.024597731679685233
25,0.003113904543753515
26,0.8878540440926241
27,0.6852566045170062
28,0.006613661761347263
29,0.5901734671495976
30,0.4883227332167033
31,0.03369498648366274
32,0.029224932624283148
33,0.0006133186748031714
34,0.061734094223316695
35,0.048336337792256386
36,0.05045557964663733
37,0.024224522615097145
38,0.7054829606103857
39,0.04909754541954331
40,0.0018211865385821435
41,0.02690257832767938
42,0.06750087018723798
43,0.04427433451666344
44,0.0003144347497097731
45,0.021497693703543395
46,0.05035436752205825
47,0.008056206530103504
48,0.040194901403368545
49,0.009509473837534543
50,0.0909978045508478
51,0.019619797145441896
52,0.01974824553790329
53,0.001168728056049916
54,0.025938215790812645
55,0.06687812544542754
56,0.12269504874629938
57,0.07710058790530877
58,0.03812273793390644
59,0.08334878650862931
60,0.027701602203395494
61,0.052802188265293655
62,0.04813200200154059
63,0.02611709182893049
64,0.014805725977977328
65,0.36949731216315684
66,0.03437454125969346
67,0.036288600226076564
68,0.0029749468117679957
69,0.0002507345796249552
70,0.11659410654616
71,0.04088556553323663
72,0.0474657740276761
73,0.0021053198321802774
74,0.005629156771617902
75,0.012999950234251127
76,0.013426863307149883
77,0.049255029445335496
78,0.0011050669549739225
79,0.000872829669573224
80,0.033797110780012435
81,0.7328257516890474
82,0.00512828677999975
83,0.020071612281971945
84,0.033527179366883555
85,0.7484528287427146
86,0.015425414326536093
87,0.632944758081461
88,0.043477940105000654
89,0.048749096276470304
90,0.024173376403229644
91,0.034575477408375924
92,0.01931239463475404
93,0.01233309380884185
94,0.03295491147780055
95,0.3293719403714522
96,0.02185119263681138
97,0.05718804228458587
98,0.013972397280978316
99,0.04095503930574891
100,0.00043373752149084905
101,0.052322376429592365
102,0.024608300299428065
103,0.4415327308602685
104,0.0017198946589153522
105,0.006957548165976677
106,0.6045976807659919
107,0.01151754198604078
108,0.3968060079006724
109,0.29599755486396206
110,0.4421737628328423
111,0.0015901128524061392
112,0.0007215068056613976
113,0.011905064458945734
114,0.3549016796044778
115,0.07696876037330627
116,0.048672716485454924
117,0.09458701033554913
118,0.7723601413487472
119,0.0026728683402271395
120,0.04680193146470799
121,0.00803092463005359
122,0.0175220230736661
123,0.0537175277720997
124,0.6180506736047222
125,0.022012504699687466
126,0.07091878298427673
127,0.02113904485123429
128,0.06903927813382248
129,0.053189031352855014
130,0.09521973299619532
131,0.006701353500940105
132,0.03172889501925901
133,0.03136730066229815
134,0.030249378409531347
135,0.023121100376319773
136,0.045834383595430336
137,0.00695930056030311
138,0.020353221312214117
139,0.005651148216882767
140,0.0005214395450348575
141,0.00044784708076014886
142,0.2658081359218005
143,0.6231640808367186
144,0.04161989274654531
145,0.0028452807602416226
146,0.005292990337581523
147,0.7286468250161066
148,0.724225510211846
149,0.04386528001987079
150,0.002289561567673766
151,0.6668282287320949
152,0.06201279564479315
153,0.020156228971644694
154,0.07039195787072934
155,0.007339069300078268
156,0.5984640554264776
157,0.005369518707035153
158,0.0063129406100524066
159,0.04385360284603932
160,0.004826596063561673
161,0.06197173897783038
162,0.08046389904706851
163,0.0012453237091701276
164,0.016690003395008302
165,0.05696010925296134
166,0.02442231817034345
167,0.01409035751739781
168,0.032591564653995306
169,0.0723384241721376
170,0.06712797098388668
171,0.06668078762781858
172,0.013676590441285434
173,0.006224153869952525
174,0.007835337002660384
175,0.0008720566347103474
176,0.03183691297989698
177,0.03978190127240566
178,0.02529324092696973
179,0.04265988949019266
180,0.08772874422407671
181,0.06784151304035867
182,0.010735452058832815
183,0.018144231567695103
184,0.0006750305341144323
185,0.0017628197372538275
186,0.02299781662199748
187,0.005155161813474093
188,0.032029387976418584
189,0.07772622550731637
190,0.03367085679070786
191,0.7545819729917427
192,0.00178142251324656
193,0.09054248579091866
194,0.00020791054821808267
195,0.043019323084550996
196,0.014373173167016076
197,0.12220287117952568
198,0.6263166783432883
199,0.027146524132283023
200,0.00043764299912749577
201,0.4236574446736814
202,0.00037358485036552826
203,0.003229371094047841
204,0.045513875435453016
205,0.01504969991414291
206,0.0713749747879441
207,0.7551925534002141
208,0.03653303612614819
209,0.0002507345796249552
210,0.003320305335059793
211,0.041837382428719365
212,0.0028231508346078142
213,0.416601368268529
214,0.06016066489013906
215,0.0002562746513901925
216,0.035141109985365744
217,0.02604887529693968
218,0.004117903922054418
219,0.500378922016289
220,0.1619409233506734
221,0.5366048207196029
222,0.00040499665302050846
223,0.05048734701287666
224,0.0012848014788409967
225,0.05504633395319239
226,0.06058858668132433
227,0.052390384073065926
228,0.020056674422645315
229,0.02645393522171496
230,0.34185978495745295
231,0.04033090977292066
232,0.01997511466116519
233,0.011904215872767507
234,0.006373821183162873
235,0.017232285261164645
236,0.0517788760493414
237,0.7294148290873639
238,0.06231159474415254
239,0.06806939390736941
240,0.015383072295454209
241,0.07693990374042922
242,0.046770940598979995
243,0.002213757634943171
244,0.04893383817321631
245,0.006643566416580956
246,0.05168088475954105
247,0.010948689790336292
248,0.05760315111816132
249,0.049728993062778976
250,0.04163268063622972
251,0.08256491663052073
252,0.053784458817631824
253,0.04740713840041158
254,0.09964731906228787
255,0.02238411976406229
256,0.05406236283818618
257,0.001240760850725714
258,0.017890301685842085
259,0.03680775046505064
260,0.00398547583278656
261,0.006014524906979218
262,0.02365241934647303
263,0.004287938849310825
264,0.463809977557308
265,0.06325719594678254
266,0.052208813842224006
267,0.0036760265913347145
268,0.002307942347855956
269,0.18111533370339977
270,0.023104991274547623
271,0.11360851374272546
272,0.038519528138093624
273,0.0006319596840659565
274,0.04364530604433758
275,0.02064847025640783
276,0.025732415305297348
277,0.25465646453618385
278,0.049455679981905115
279,0.006173522983318274
280,0.05974283467376064
281,0.001844486426041054
282,0.07500720973875712
283,0.021121562975126483
284,0.02551047945797369
285,0.19566005271820228
286,0.07174449194564417
287,0.0691116845116135
288,0.048086505657837904
289,0.011482903860803684
290,0.02706243423163378
291,0.06779525795936923
292,0.7956777656340437
293,0.020731677694727977
294,0.08359859355837435
295,0.06425403734350436
296,0.026428179683227686
297,0.028696840572871446
298,0.03153421119201412
299,0.7038491794612861
300,0.027674243197428262
301,0.005538473506169869
302,0.04010204168155971
303,0.027616183749949418
304,0.014188863703063197
305,0.004269127318549536
306,0.003943068340291216
307,0.5450405933453754
308,0.01869315043179166
309,0.10133444792779801
310,0.6096651768034765
311,0.07229921528927537
312,0.0011173368936242293
313,0.0612459782590133
314,0.062336544777470346
315,0.02244881847459373
316,0.031566406813160475
317,0.0030766753217101057
318,0.056352919429952186
319,0.8488154121569957
320,0.25583461356782633
321,0.0023775389214865726
322,0.0014258457523792336
323,0.006046665476465157
324,0.01499245883088571
325,0.4724640620569985
326,0.0020710207478014256
327,0.2817626823670679
328,0.1216865564109723
329,0.20397852917259957
330,0.019635067896154376
331,0.2784455468593037
332,0.014216968109404936
333,0.09840503078362291
334,0.012800675891935655
335,0.08786994873649594
336,0.23425902160469583
337,0.040507138924252555
338,0.06242809194804531
339,0.21624323595516215
340,0.024840697974535173
341,0.14154549943066377
342,0.005657547118402636
343,0.0033267024928376344
344,0.01303412595048788
345,0.2980730270652277
346,0.20785172061877355
347,0.3660117267064634
348,0.05206174068853355
349,0.001702738493349864
350,0.07961259093291356
351,0.00014284548315301763
352,0.05892109083346755
353,0.027436544527737042
354,0.02000010591360978
355,0.2274169813266255
356,0.0073626579203074725
357,0.24080404981975118
358,0.03282767283146931
359,0.006127542090526514
360,0.016844849992573976
361,0.0006567317618063018
362,0.05208032128641585
363,0.16485990758503802
364,0.0005583095343508982
365,0.014761929181374447
366,0.2591962152662708
367,0.01443230509833028
368,0.08878530382593419
369,0.0013463676477165237
370,0.014125712725691566
371,0.06589493013744906
372,0.335475813411646
373,0.02344221390046935
374,0.014321132486268833
375,0.004807981556269122
376,0.014675629926070227
377,0.024443430568168473
378,0.01650752612654334
379,0.029568006806257915
380,0.00718893535275674
381,0.048310172508473366
382,0.03366496037406153
383,0.007266499194176864
384,0.018764055214022524
385,0.02680249022763691
386,0.031938791323052274
387,0.019430811364832514
388,0.017181809467087066
389,0.0016154075383617724
390,0.464956230914309
391,0.015371255115449702
392,0.031627128908183894
393,0.028888541766751784
394,0.0009011716581574237
395,0.5735987362541423
396,0.024614753200470952
397,0.02693570111673234
398,0.00042917159437960034
399,0.5164217312031305
400,0.0007114328646817047
401,0.03828273528460198
402,0.006916650943868511
403,0.002276660283018033
404,0.5176253717746911
405,0.030545448702572333
406,0.009210397659421794
407,0.051026736506785166
408,0.005642864186873386
409,0.020937675657718344
410,0.009576606444629886
411,0.027466489419742803
412,0.3088837565891029
413,0.002697839183617148
414,0.4925915349030953
415,0.010484674279862872
416,0.010183784173886294
417,0.387224720297915
418,0.04571108108646715
419,0.09679492161975116
420,0.7919136334512638
421,0.048551565552057585
422,0.007980705775674016
423,0.004875787590304726
424,0.007103453226420926
425,0.016651965234466933
426,0.029304910477766236
427,0.04417585635779993
428,0.013423937747032018
429,0.40387205964718725
430,0.03203428990614759
431,0.0034673615159789657
432,0.030591655081506252
433,0.08914007297994832
434,0.014628732312013172
435,0.0003775183778573716
436,0.0009036332619389505
437,0.40324221844409947
438,0.026574127742039103
439,0.020758588731727198
440,0.022120394062611782
441,0.00022746060792762466
442,0.0014471201279066424
443,0.0092802881843526
444,0.02228924392288707
445,0.3218810423773206
446,0.0039726875141786865
447,0.0028183548068824765
448,0.05617951177899184
449,0.43755467069058424
450,0.0781174001999581
451,0.10993464614169962
452,0.42010648496353425
453,0.378910218224635
454,0.03189196736062001
455,0.7775283131372803
456,0.0036120720461276816
457,0.1006651029511048
458,0.028525750694055184
459,0.00341754810943034
460,0.0003622345167582614
461,0.0020936619080712954
462,0.053641941212191194
463,0.029963127915899005
464,0.020344020898510205
465,0.4191614174377785
466,0.0026821074494053545
467,0.044859209117625705
468,0.009691974529739987
469,0.4797168827473514
470,0.006378955651519365
471,0.018144591158113392
472,0.5413707258804723
473,0.0010780554641952667
474,0.29245508260946756
475,0.0035992103584962286
476,0.08254069537590966
477,0.07308826934195925
478,0.08646853910572813
479,0.0007278243873288781
480,0.5559821921028412
481,0.06580590043403134
482,0.00038199813806654207
483,0.6438455527843532
484,0.2838697063858869
485,0.063733898402248
486,0.01498221320585536
487,0.026590378452390633
488,0.3109182098114368
489,0.007337455433840473
490,0.11483132003919935
491,0.4667303101577508
492,0.6674255144974416
493,0.018113027087757184
494,0.02131444236427114
495,0.016510964260436776
496,0.005724394903220655
497,0.020737721099774273
498,0.021158010628083198
499,0.037197253089718975
500,0.023366440421518996
501,0.03970850842836835
502,0.028888589600795527
503,0.040881819742200044
504,0.025443690032607037
505,0.001466369358840443
506,0.2753547925070188
507,0.018510140268661088
508,0.047648936143437404
509,0.02792293687041696
510,0.2367476279741262
511,0.038690975161605835
512,0.5322429733450559
513,0.3232908979702326
514,0.024209538976804258
515,0.04247834134552643
516,0.3511812571741358
517,0.06590765208253434
518,0.00500655676715888
519,0.046643797771035854
520,0.00094475058293626
521,0.01361730407296859
522,0.4778424703314347
523,0.0005718328616534982
524,0.006252065808054849
525,0.0006319596840659565
526,0.019794136299475417
527,0.04262896779345229
528,0.7425091321808786
529,0.012805705596325701
530,0.6679132456102111
531,0.01965248869942132
532,0.6772277982003743
533,0.5410670338588548
534,0.005990899705011499
535,0.38739582948121076
536,0.011651181168310785
537,0.027111203491990206
538,0.016790494490139866
539,0.014733336635115262
540,0.003035783023365066
541,0.04788790397119776
542,0.016548071041883657
543,0.0009022299543362266
544,0.04243671828154309
545,0.6915844491667226
546,0.043441137943828485
547,0.006357984352989252
548,0.04056749544661481
549,0.00510012898742151
550,0.5468051034497702
551,0.6208281850782973
552,0.03078549885714936
553,0.042403942201532645
554,0.06754367312674849
555,0.00021162613540021472
556,0.04823808157788804
557,0.08745617247868072
558,0.04829857244732027
559,0.005509646629796221
560,0.32210415238237106
561,0.06541706053507747
562,0.0002951453604384154
563,0.47469312879783
564,0.004582862825256056
565,0.24942059314206055
566,0.023441053554825116
567,0.021812323197989585
568,0.020994644400528242
569,0.03966523973666879
570,0.06472780006516389
571,0.015101158723969759
572,0.012345872492506715
573,0.029351172914576007
574,0.4691704636424439
575,0.047414409517888535
576,0.011965831760499772
577,0.0022229204533368227
578,0.05714712464721785
579,0.0082879728708725
580,0.03132895605901379
581,0.061849821268008434
582,0.42354555008834005
583,0.6332631017592631
584,0.0067213491241459615
585,0.023900317716595496
586,0.007651989395029528
587,0.0021275126445671724
588,0.008892625286136505
589,0.45855656602327116
590,0.0001673498332818659
591,0.01151435146117336
592,0.016799805302752796
593,0.6420569564508033
594,0.04621356713854705
595,0.3328522769181519
596,0.01710714406325532
597,0.0019588808248117966
598,0.01877563874376184
599,0.039758134186633584
600,0.034603705759818165
601,0.017474911870937467
602,0.10071146040755576
603,0.06354102257368545
604,0.01620609111532376
605,0.0007999437823329958
606,0.005339691399245974
607,0.0005165700475669961
608,0.016332256223715137
609,0.024778968607530986
610,0.005268287794815515
611,0.008103372991330468
612,0.03195453572193365
613,0.006168724274201593
614,0.05647204905445904
615,0.067242020174893
616,0.811516086964584
617,0.0627944586301752
618,0.02509564059052539
619,0.02706817795436957
620,0.0017564463061313404
621,0.5509528500879698
622,0.25509205925304546
623,0.04326020591452093
624,0.013153394858124869
625,0.7722728265676428
626,0.03678289937830136
627,0.3830932394945197
628,0.2748838422825164
629,0.004531870529515751
630,0.06766380370409432
631,0.0188727585243447
632,0.013470726993124127
633,0.043452266880797195
634,0.12311270743938849
635,0.02720948155478739
636,0.19782609912403182
637,0.0007234136104812519
638,0.024812371594261976
639,0.001346329059748163
640,0.015914089439105675
641,0.0005022194764544985
642,0.0023353262749787546
643,0.0019494462660104251
644,0.403609014157636
645,0.002057181425842347
646,0.30617126335207223
647,0.003619281898582239
648,0.32290000412135983
649,0.06434494501501759
650,0.7047010384308763
651,0.46461315014442656
652,0.5394020589127584
653,0.003719222883396832
654,0.017693177049893566
655,0.0013490636995093994
656,0.002485728831317194
657,0.03449639840146583
658,0.002515022141619822
659,0.490795438035887
660,0.3567677266075291
661,0.8340700259030324
662,0.004705782454424782
663,0.020571030416121416
664,0.27190831607294685
665,0.07325168645051415
666,0.41554209528492536
667,0.08674780903958192
668,0.0031798705360352665
669,0.013866697758226692
670,0.012208910989203401
671,0.316754749289962
672,0.10166586106701708
673,0.04577246079180906
674,0.09525522086520785
675,0.015731770145192923
676,0.34302576762136505
677,0.04180359811034281
678,0.009156984971906937
679,0.02467535585478715
680,0.5959333688141912
681,0.00047861631152937967
682,0.6511011501257776
683,0.025630714296335372
684,0.04810312701055929
685,0.0587689744376664
686,0.19144862190504963
687,0.0022122243898310564
688,0.7239575290417543
689,0.00688913864517541
690,0.6632302465408999
691,0.011160569614826867
692,0.0036468714285055933
693,0.03237252960711795
694,0.1968785226360141
695,0.008137863796875845
696,0.31633815520013875
697,0.01157353618435857
698,0.0012247465835119294
699,0.0010080386401961818
700,0.23194162954400735
701,0.004708053253968062
702,0.027329806704388435
703,0.24122522345928019
704,0.4952795204451465
705,0.0020168694942005357
706,0.04268687351004748
707,0.009112357563758574
708,0.03142325537922006
709,0.037200972007240866
710,0.022772945784026777
711,0.013913791449223323
712,0.00826719833339508
713,0.017083790377010067
714,0.006862495697602539
715,0.0583128163038184
716,0.06196419136537821
717,0.009681151258692771
718,0.02109781360430951
719,0.0030575854458840253
720,0.0006125848347056666
721,0.030834822863729093
722,0.4013564882594536
723,0.019544893952901175
724,0.4905226654610429
725,0.12262406849947054
726,0.03451782045817694
727,0.007025599072893197
728,0.001093086808327327
729,0.021942317637137398
730,0.07581847459434066
731,0.03973204746817972
732,0.0042502459269816665
733,0.033496602851930436
734,0.0571241034155179
735,0.04419061495060051
736,0.04416968957319465
737,0.04029575806623641
738,0.0013687256700542047
739,0.00025482207847122565
740,0.4392499759375438
741,0.002237930125392749
742,0.0034055265519966904
743,0.3181031611551055
744,0.03692810128096573
745,0.004181440857589993
746,0.04095943723010375
747,0.38884627651711795
748,0.06227020293185981
749,0.05161622598027069
750,0.23294100177896554
751,0.010619290698220618
752,0.04371717042740511
753,0.00026303651978795304
754,0.056022599352651546
755,0.3306151460476265
756,0.4025821097551116
757,0.28672219005137256
758,0.012599923150686641
759,0.033334348490467576
760,0.008614569340448927
761,0.033474221462416326
762,0.004582624396039216
763,0.007775646910170439
764,0.0010381231076546575
765,0.045441773607729406
766,0.037881281885072886
767,0.14430179595765932
768,0.00011337593501942233
769,0.03530590072595797
770,0.03024276975188924
771,0.000663432182484658
772,0.07932171481012901
773,0.6220201846000434
774,0.01692686071974999
775,0.026879640328137496
776,0.004589350624902864
777,0.011495723882695909
778,0.08687708800936933
779,0.020640824530736367
780,0.06662367458215078
781,0.49571303165052266
782,0.06693763700000424
783,0.37914572132969915
784,0.456785076092562
785,0.45308280766489145
786,0.031811507325324576
787,0.47770123279964044
788,0.04126621324664741
789,0.0527475156810656
790,0.0001673498332818659
791,0.0012284239041288022
792,0.017996983685297115
793,0.0008927783168436482
794,0.0005173675826606376
795,0.03016349644767518
796,0.0439751407627979
797,0.03651159495715326
798,0.024610805233407432
799,0.08389651705160478
800,0.0425950145377221
801,0.3351711532179605
802,0.0006350409264342493
803,0.7265948897987152
804,0.009703271793044923
805,0.39003330121651236
806,0.535833895286673
807,0.5089540205290701
808,0.0017419439963620687
809,0.019257538569881282
810,0.5255894440916811
811,0.004782274298362075
812,0.05216068794972711
813,0.021495729597109506
814,0.007111613299798412
815,0.12151079599237503
816,0.7897969407123082
817,0.015181074546640664
818,0.3069825775397243
819,0.07417302055186316
820,0.187864087004337
821,0.11128159958541088
822,0.22004270909440948
823,0.4078066201513408
824,0.5117821521901701
825,0.08494233699938088
826,0.0784226865505651
827,0.7823455856926239
828,0.20744401464817255
829,0.10917721957129015
830,0.023003697640595087
831,0.09292088894138885
832,0.416792408783976
833,0.15173471696133778
834,0.14156181136756266
835,0.06280640807331686
836,0.061193082558461113
837,0.21684582525237292
838,0.0702594308806544
839,0.08300422685337143
840,0.08732770589062328
841,0.17593896321661304
842,0.10671200421511653
843,0.032191367555293
844,0.12853616971138046
845,0.060515604747916604
846,0.030522209041481254
847,0.09788964693313293
848,0.05971099755092851
849,0.147249185560952
850,0.0920985432105507
851,0.08178790386476953
852,0.07604745353467261
853,0.3915617308095816
854,0.013600454027145423
855,0.06749026449478686
856,0.13564280750157795
857,0.38962063216681586
858,0.0057184430027724335
859,0.05670706293157764
860,0.0784496605187015
861,0.03897192227885081
862,0.019748723072894093
863,0.09438565217832016
864,0.13885847178400954
865,0.03871707544590827
866,0.09557627813895672
867,0.3914785608962872
868,0.09352670908882567
869,0.031245736753555225
870,0.0506526107803453
871,0.0820896359738662
872,0.07625261279513192
873,0.04510883605930984
874,0.0553293888121695
875,0.09946599149621553
876,0.06025164504115232
877,0.30065627734090616
878,0.6068271750819504
879,0.11981486404417399
880,0.04318493543445635
881,0.43053968029283113
882,0.14847814970633283
883,0.05134811022911819
884,0.04831453267646375
885,0.04995990071394849
886,0.08492439038340156
887,0.04222582425717704
888,0.03258920512845402
889,0.5302063167261011
890,0.08026502918365719
891,0.6187043481051212
892,0.33339124736887393
893,0.04475396296743868
894,0.05010838513695748
895,0.06336993633294143
896,0.0221316292926599
897,0.1081536617873276
898,0.0791230709635913
899,0.07855605538948307
900,0.40253810898057574
901,0.0506590982654363
902,0.057886438845218165
903,0.12131725023876813
904,0.5085186356342575
905,0.03404879541733163
906,0.15209017294225613
907,0.11792380051915298
908,0.023992737137812845
909,0.005634178325710856
910,0.45237358045566056
911,0.11170956176896611
912,0.35681317839119003
913,0.03195041618915777
914,0.7186063918673509
915,0.1269511034253411
916,0.07734334290179747
917,0.2495623572813699
918,0.06557545076729016
919,0.11391509028421375
920,0.08267305199851796
921,0.06406893452729708
922,0.5686265655655319
923,0.27589394697545
924,0.54862326121107
925,0.1835161989504147
926,0.19543158800331986
927,0.028078405070049793
928,0.10392457583858522
929,0.08895043725343062
930,0.02321723876877678
931,0.5477330600479721
932,0.08824152651641387
933,0.3534191839591861
934,0.06018555323865155
935,0.03659283704046102
936,0.12034257689308864
937,0.0658477243059866
938,0.05862068505935694
939,0.08615427343051346
940,0.05510520008941716
941,0.03354387881406843
942,0.020375367673907845
943,0.6640020780950406
944,0.05653083515874922
945,0.0032795430749142694
946,0.0978939602092359
947,0.05587735456373405
948,0.041513895472828244
949,0.12955569898561248
950,0.0666169808762438
951,0.07932784526742485
952,0.00634131956079893
953,0.018543545486586176
954,0.28513116346047584
955,0.05348113230328352
956,0.42452408727728497
957,0.13922561716063378
958,0.07402548611028957
959,0.037206578227337465
960,0.09707034724690013
961,0.5030181383329427
962,0.08787036866891532
963,0.11051399337829144
964,0.012716032737933867
965,0.08983619764166986
966,0.09552279093298542
967,0.05733134661182542
968,0.07268556768151026
969,0.07887889219102923
970,0.04593324555834381
971,0.10080319843757041
972,0.06354818140882572
973,0.0965608021056985
974,0.10126252061972199
975,0.10369444938055926
976,0.07293914466012272
977,0.6886556235314296
978,0.07095684034766214
979,0.06085780535360924
980,0.004979426282905828
981,0.2552770192688506
982,0.023678219640600615
983,0.11271413325589003
984,0.31237488633855987
985,0.6574030824055315
986,0.06149490697196145
987,0.7361766282849674
988,0.03109373991400487
989,0.22651552210451725
990,0.03872335012169453
991,0.5379791615698551
992,0.04698803054470939
993,0.6170293806184164
994,0.38945955912072194
995,0.059145838636707956
996,0.6974522365146537
997,0.6466009986836571
998,0.8065677445913676
999,0.05011914720306795
1000,0.010612194133602995
1001,0.5885816650529493
1002,0.6637338825081693
1003,0.051341231415834035
1004,0.47247249767204463
1005,0.054135785664361925
1006,0.43263119203292133
1007,0.00685630947444404
1008,0.7083753089699405
1009,0.5840280975437353
1010,0.4273007253073742
1011,0.8007787053294778
1012,0.06723162464971381
1013,0.5189621209217946
1014,0.03960635216875133
1015,0.037283533426011116
1016,0.20073517450761957
1017,0.05620051008558865
1018,0.06340863654119587
1019,0.4409058404368642
1020,0.7385849629598934
1021,0.08187718827681845
1022,0.01848159081102433
1023,0.05616729378105614
1024,0.075681354314455
1025,0.054647691096514614
1026,0.31336874352971533
1027,0.07423036987735962
1028,0.019726023040692518
1029,0.07728009957303746
1030,0.7929789076223897
1031,0.7729641912044914
1032,0.1274368419691089
1033,0.06686583472492322
1034,0.027788535455021256
1035,0.024171919167048216
1036,0.09099770955674083
1037,0.093031724422741
1038,0.06470505909136195
1039,0.052774808967211005
1040,0.6411421029134783
1041,0.09116924553560551
1042,0.3251830900343442
1043,0.1884133622247558
1044,0.08220744575985998
1045,0.05808386688769652
1046,0.42754921730454043
1047,0.15226498288208024
1048,0.05538049738902855
1049,0.18138692354753905
1050,0.03026854441847212
1051,0.10849671856508626
1052,0.7435346413024775
1053,0.7388303647855039
1054,0.13407651251960365
1055,0.052475830785358245
1056,0.08841321588079479
1057,0.1531565558299967
1058,0.06915720659450011
1059,0.12153766268394552
1060,0.08684184450270209
1061,0.7413484778871209
1062,0.0013908523526291272
1063,0.1575607498446078
1064,0.04398467485166302
1065,0.024447830553365434
1066,0.4246159441715196
1067,0.8773607821061061
1068,0.05775458809468999
1069,0.09271281406226434
1070,0.027503705522495304
1071,0.04552257009352785
1072,0.5333802063093939
1073,0.029086350015444115
1074,0.02403558618361361
1075,0.0846422588710966
1076,0.1293816748206499
1077,0.8453830818085251
1078,0.7169889336593945
1079,0.11547093687813925
1080,0.17075457867035188
1081,0.17530668378167819
1082,0.049208627819671745
1083,0.05243747137000068
1084,0.651629167754746
1085,0.07885756802777802
1086,0.022781711865360214
1087,0.09783274859923498
1088,0.05771395463735554
1089,0.17338537484487926
1090,0.7341708336047287
1091,0.4271880827013069
1092,0.6030589577943049
1093,0.04641398546134542
1094,0.21465607681101104
1095,0.05202227110944294
1096,0.14923878718037586
1097,0.05817015725285507
1098,0.09015220720082814
1099,0.03898502653537653
1100,0.7069881115049896
1101,0.06955115400443329
1102,0.0690511203670008
1103,0.47513211320112325
1104,0.07843794298714946
1105,0.057178938479318056
1106,0.07630951273537281
1107,0.003265756352570214
1108,0.03102954433238465
1109,0.059530899532114316
1110,0.08832866678014527
1111,0.5127326197341404
1112,0.04384318521390779
1113,0.13804644970839697
1114,0.08810492063532299
1115,0.05674996853390029
1116,0.04613738206015495
1117,0.021228215909397715
1118,0.0888520290311027
1119,0.07804237657223577
1120,0.07047351429960147
1121,0.08521462547169874
1122,0.0750471286752286
1123,0.478374360096856
1124,0.10557079014626879
1125,0.35241300319005836
1126,0.050478837816173155
1127,0.023096584485630157
1128,0.05060438257343261
1129,0.0506306024277126
1130,0.749176978429904
1131,0.7774392198966024
1132,0.031542126814654035
1133,0.6299461821444736
1134,0.1117611670338264
1135,0.1374098274049219
1136,0.052270960969223575
1137,0.009713709161723788
1138,0.847855841233221
1139,0.20533905837968117
1140,0.03140196710012952
1141,0.08550430689059292
1142,0.07345509666450196
1143,0.1522990765220499
1144,0.5753652541702491
1145,0.06440194778812841
1146,0.0467447476627194
1147,0.2868568131271657
1148,0.732039459351857
1149,0.05502225608444275
1150,0.3606711565663788
1151,0.6031670027116346
1152,0.07926897414618805
1153,0.35955298439965033
1154,0.06320076202651738
1155,0.10397158153521609
1156,0.08150526788620235
1157,0.06870227216943317
1158,0.010858795671432967
1159,0.1479845995791843
1160,0.04514470944467738
1161,0.06300781228714986
1162,0.13148398218223187
1163,0.05351416418210578
1164,0.5126009876603015
1165,0.07979332451589788
1166,0.004294366202418436
1167,0.05792727312151495
1168,0.7649472973680972
1169,0.06886221514805078
1170,0.47781093746985553
1171,0.08714471699123141
1172,0.5824816662315383
1173,0.16085309696772673
1174,0.16274120473593215
1175,0.12451945858784788
1176,0.6254094901588949
1177,0.3079052534401191
1178,0.09294762707194858
1179,0.0857932959341678
1180,0.056901021163128
1181,0.11062757911183577
1182,0.07531152138500967
1183,0.7570312001630819
1184,0.07323253516965839
1185,0.1693398999265375
1186,0.7262140213607542
1187,0.12859857930416302
1188,0.16236773803717347
1189,0.10857268023554788
1190,0.050054977547010875
1191,0.05108739131491057
1192,0.09987212976090447
1193,0.061885172366994104
1194,0.012463034780724915
1195,0.10806289065559056
1196,0.051367299810761054
1197,0.001591314013127059
1198,0.2604446062134874
1199,0.05959759353431824
1200,0.0320226541014428
1201,0.7672427336956908
1202,0.017579089195626844
1203,0.07823563200812725
1204,0.08805482005266625
1205,0.02127086104526725
1206,0.5180607925478029
1207,0.05860660576104554
1208,0.06634186976114617
1209,0.12156898026607173
1210,0.06718541607625213
1211,0.5106967382599688
1212,0.09876417137096682
1213,0.027139480959130092
1214,0.122636961633574
1215,0.07924717723893239
1216,0.11316518260455335
1217,0.7944151719951661
1218,0.08884737557027776
1219,0.015854426617037943
1220,0.06321506538973887
1221,0.4179294916011786
1222,0.6108405171314635
1223,0.04627691653914546
1224,0.043075539154711386
1225,0.08947951455816035
1226,0.076047652342814
1227,0.11544861652292453
1228,0.0193980233456424
1229,0.409393043439448
1230,0.007112977490662342
1231,0.06393356161582642
1232,0.16369294742014495
1233,0.49643483430217933
1234,0.07068708914956263
1235,0.6636704243983648
1236,0.5471865400205033
1237,0.4672224740595462
1238,0.2988123266559867
1239,0.07603387865557501
1240,0.0466631187168053
1241,0.006693844872826193
1242,0.06470500932912797
1243,0.06730597741364445
1244,0.08620492285831544
1245,0.7988431566583999
1246,0.5700696248159924
1247,0.6304705941451738
1248,0.04074240141673045
1249,0.11326337643303963
1250,0.6938591762532661
1251,0.07306439862771515
1252,0.2418687714695366
1253,0.09557786927321969
1254,0.0189610853286332
1255,0.6319246909186733
1256,0.09698142114845383
1257,0.14349195793913638
1258,0.018649911040817816
1259,0.607979546946931
1260,0.049172211519050185
1261,0.11998543993685344
1262,0.20238365538229672
1263,0.31556241705545923
1264,0.43369075968956033
1265,0.022319062630873642
1266,0.12169603093592857
1267,0.08084322778095214
1268,0.032372352465728414
1269,0.003824954355991301
1270,0.23922823810055083
1271,0.006848684247036128
1272,0.022606876108318272
1273,0.11983267476163771
1274,0.08065181361150325
1275,0.06632172417048068
1276,0.6771670172134752
1277,0.08868128660419712
1278,0.0672100230825758
1279,0.002420906026989731
1280,0.014271292125634612
1281,0.004953272948462627
1282,0.12169938890719612
1283,0.13018080780478333
1284,0.12048812243592069
1285,0.21719566147519756
1286,0.14760081862953367
1287,0.1583829304481458
1288,0.0392403095748849
1289,0.007672887300629856
1290,0.16567178861534143
1291,0.046025278687750755
1292,0.08192600049325736
1293,0.8073747942840387
1294,0.02226858503687288
1295,0.6240247736840422
1296,0.0641038987112845
1297,0.03173417004817955
1298,0.021266485389478628
1299,0.45172888457367555
1300,0.4671920777871263
1301,0.09171417852243464
1302,0.46945207923324467
1303,0.1480087782333881
1304,0.14235214393467388
1305,0.04241242430202627
1306,0.17943818713443982
1307,0.5768953008463882
1308,0.0040174181224676316
1309,0.5322172256376633
1310,0.02051453685094395
1311,0.059862056965240676
1312,0.10509980400896392
1313,0.4989833565938687
1314,0.061734628570703685
1315,0.10057464414452282
1316,0.05773238576111597
1317,0.00987221217662459
1318,0.1860970533559117
1319,0.035485335798676444
1320,0.1328521921437648
1321,0.6236376012705123
1322,0.029243945031582497
1323,0.10981088466694194
1324,0.027455504341907144
1325,0.30423041214325935
1326,0.7471728634558574
1327,0.5275710564676122
1328,0.4558506947493135
1329,0.044418262688549454
1330,0.005899555687773016
1331,0.5672282025631286
1332,0.08234775278593094
1333,0.010621819400547839
1334,0.025804386903354837
1335,0.0958154836232569
1336,0.21357487722566884
1337,0.05438808558655604
1338,0.8712299828309018
1339,0.011332875837162337
1340,0.5444670753594955
1341,0.021696390252522898
1342,0.0322421146388844
1343,0.13629753928748825
1344,0.5151361008970083
1345,0.07845617791028736
1346,0.14215143204765143
1347,0.05782120399796931
1348,0.021725491335565658
1349,0.390929935202325
1350,0.5460458711304207
1351,0.014478537236570945
1352,0.01672664562009249
1353,0.07268112196860446
1354,0.09061036756692191
1355,0.16607507191833068
1356,0.06256222183687825
1357,0.695450243483677
1358,0.06583007610733381
1359,0.711008749848611
1360,0.17636444265172233
1361,0.0265056750230929
1362,0.04439666113674984
1363,0.04479074685853953
1364,0.7994773807325748
1365,0.13046423784987837
1366,0.036384113337491315
1367,0.5759978445500551
1368,0.008493299270004603
1369,0.06471391475190645
1370,0.03150851632834998
1371,0.04351027395144703
1372,0.024927945923951395
1373,0.027831618867635566
1374,0.42984237550733345
1375,0.3242780750478319
1376,0.05698104968533538
1377,0.12472304959523522
1378,0.07513044972727234
1379,0.09272633725031755
1380,0.8049734476680923
1381,0.5725457799614877
1382,0.135679517320564
1383,0.09065090605349596
1384,0.056188805923903774
1385,0.46589349708191136
1386,0.8621707701870615
1387,0.06656165733623862
1388,0.175824104813118
1389,0.1831065804347038
1390,0.07563428470412913
1391,0.11616919781812163
1392,0.32610496779337966
1393,0.07748370640031935
1394,0.024410917902320403
1395,0.5120643922523139
1396,0.5392137070729643
1397,0.044749783446007746
1398,0.3833811624770877
1399,0.6598031747972465
1400,0.28181982802404176
1401,0.02994245536470734
1402,0.06295107140374234
1403,0.089070034429857
1404,0.35551134306000715
1405,0.746043392174401
1406,0.03280138547828797
1407,0.4031675108079469
1408,0.0752718143569232
1409,0.0355343208947027
1410,0.06250273140458269
1411,0.1322579149606532
1412,0.02309568543906877
1413,0.02450294241326555
1414,0.08354634085718093
1415,0.034846333716355024
1416,0.0774900071707103
1417,0.01267813451988508
1418,0.004472350231908196
1419,0.009801515798817047
1420,0.625567781565682
1421,0.0687568049909057
1422,0.044994995795710924
1423,0.0373516141310131
1424,0.5003258949842706
1425,0.07508652788608353
1426,0.0915715351809824
1427,0.29780984116289383
1428,0.14966375973552576
1429,0.09180313423820205
1430,0.1063067591092141
1431,0.022797127208298015
1432,0.13499604737820456
1433,0.12433404519227716
1434,0.08435870595123211
1435,0.14193803526460247
1436,0.08679654210317712
1437,0.1778200118753993
1438,0.09867119068780418
1439,0.100066195642244
1440,0.545696740277294
1441,0.31375135874089993
1442,0.04451190109346019
1443,0.8134709043259635
1444,0.024851216579004295
1445,0.3857483928161146
1446,0.4143089717828463
1447,0.1086682198835528
1448,0.12182497298077409
1449,0.16275205775446502
1450,0.2343467626356952
1451,0.07667155668099646
1452,0.6105623326611118
1453,0.11642817440599755
1454,0.08940356527194225
1455,0.07719727199548652
1456,0.10635551590155097
1457,0.056914107651283796
1458,0.041901224734626145
1459,0.1292246885643418
1460,0.10112752035195878
1461,0.10279594749242195
1462,0.3142370879704912
1463,0.0034640935895060747
1464,0.04132195432576566
1465,0.04000533742263957
1466,0.054193881109565266
1467,0.04083504233629351
1468,0.08633767310341967
1469,0.01922351529066204
1470,0.2157306704066228
1471,0.16805879331862947
1472,0.002471886329160199
1473,0.5913167662281333
1474,0.19044565978407557
1475,0.10586006840282206
1476,0.09364680078793299
1477,0.17116200093668774
1478,0.10061063329059541
1479,0.7072423663602083
1480,0.007857736040579426
1481,0.12467673157505052
1482,0.012694514266376916
1483,0.009148048682693638
1484,0.01938762590601214
1485,0.016041034218744317
1486,0.3968219111007836
1487,0.11706614169803119
1488,0.016706115162785858
1489,0.12387728106883043
1490,0.4839566634555545
1491,0.012638775727900701
1492,0.09376270900129251
1493,0.045639945847852255
1494,0.04554756236453834
1495,0.15666913441838426
1496,0.015151887771189334
1497,0.6329407135937636
1498,0.051755473688504666
1499,0.2331563034791055
1500,0.08869399077507506
1501,0.23785897233368838
1502,0.0053350318245963145
1503,0.057919057301121464
1504,0.0366594786687544
1505,0.06405864953281626
1506,0.07448826515436491
1507,0.08760218496323141
1508,0.04459027657891786
1509,0.5750652112972406
1510,0.24811285708228278
1511,0.07349417543085775
1512,0.2491293724482487
1513,0.01391816334018797
1514,0.07020676160996739
1515,0.2677780937102434
1516,0.1094619141170293
1517,0.12830445628468545
1518,0.09894999528542002
1519,0.08088450898903637
1520,0.8554702038499503
1521,0.006301155821520639
1522,0.05529834069680957
1523,0.16997795023883439
1524,0.22843947573166326
1525,0.08171759300819856
1526,0.0672194172515765
1527,0.1496661590642826
1528,0.0667948734968176
1529,0.5423592511783173
1530,0.13762948161958477
1531,0.6377453639686484
1532,0.28225037120536195
1533,0.8059452712958722
1534,0.03348592160518044
1535,0.037830561937173164
1536,0.07697079160403185
1537,0.3695873960165505
1538,0.13188428430229737
1539,0.06248993117600924
1540,0.1920218013382237
1541,0.05273086790278513
1542,0.518842954395614
1543,0.08883074051431894
1544,0.062167894607656225
1545,0.5182396057416053
1546,0.04553924024769195
1547,0.10033599797800448
1548,0.06473753915472515
1549,0.040858433774264506
1550,0.0072098682386389345
1551,0.05820916228380379
1552,0.05795966783464362
1553,0.08803684957572633
1554,0.19958874636444537
1555,0.07359984747880956
1556,0.010283866653023584
1557,0.09973191505199937
1558,0.056678402612649725
1559,0.030246360224703204
1560,0.037399820494216536
1561,0.049371308922133136
1562,0.00794958753590742
1563,0.6206719775245736
1564,0.07396756300571529
1565,0.37015512153383784
1566,0.265727707257883
1567,0.13888714632130347
1568,0.0616898840058931
1569,0.040966638393585914
1570,0.019614806938273978
1571,0.047030963605408524
1572,0.06267671557309636
1573,0.05110777945617023
1574,0.02432432001263071
1575,0.5574398959322101
1576,0.045699016326423016
1577,0.26341251430877577
1578,0.03733610634221281
1579,0.14165514253401187
1580,0.10062955024412693
1581,0.11285020187539241
1582,0.09751764895265655
1583,0.0055435360378326744
1584,0.02273397420175671
1585,0.20958650491296024
1586,0.04722561269378613
1587,0.08113699999590321
1588,0.09228566976821158
1589,0.08346919450103925
1590,0.05606924417497425
1591,0.08364451658883999
1592,0.0671471677445717
1593,0.0694040680682218
1594,0.6103352800971774
1595,0.3190505913719704
1596,0.08672648667542557
1597,0.018373462533064037
1598,0.5340334757105115
1599,0.11303232250552034
1600,0.0831662672337259
1601,0.08688525432097743
1602,0.11969215817670863
1603,0.05402031344744436
1604,0.4593007311941649
1605,0.04744054475105488
1606,0.21960785110036776
1607,0.054352700126404974
1608,0.0043328679014518826
1609,0.742590927523361
1610,0.7250783084584205
1611,0.3960937572827643
1612,0.037263506885408686
1613,0.16042431363762202
1614,0.07948745521093493
1615,0.056392839282523345
1616,0.07613234679325405
1617,0.16639925032904487
1618,0.09851722603738038
1619,0.48879377977397054
1620,0.028105138941000793
1621,0.10107702753465737
1622,0.2084271584389271
1623,0.1099155713010748
1624,0.623552822787975
1625,0.05323050090725199
1626,0.11069585213121994
1627,0.40400163696258345
1628,0.1352798153642911
1629,0.017218803049962615
1630,0.021429731145188213
1631,0.3886944746332845
1632,0.11084992497968706
1633,0.6041632315166304
1634,0.09909099169508623
1635,0.1423731499832187
1636,0.05465144498526226
1637,0.12945606280696909
1638,0.44202769151179644
1639,0.062933760603209
1640,0.07014678866225843
1641,0.8380999937485352
1642,0.1529048483527163
1643,0.16987771582900735
1644,0.0726646947661301
1645,0.04141971479001528
1646,0.002542168236719641
1647,0.5275061506278343
1648,0.06853503657304322
1649,0.6655931170572846
1650,0.04737718058498006
1651,0.03299663652537096
1652,0.05511392062393586
1653,0.10467485918624492
1654,0.041274911820293816
1655,0.5525085192809966
1656,0.05343903133836707
1657,0.007029531876972615
1658,0.019833597674777055
1659,0.03553733600232929
1660,0.06668254798060762
1661,0.048113274686326736
1662,0.2398602612778879
1663,0.14396999060105195
1664,0.8406240810423382
1665,0.06352119959973793
1666,0.019940305105335353
1667,0.15632309209896886
1668,0.04817218490145968
1669,0.007401808945978384
1670,0.046151683653138056
1671,0.5614021350618841
1672,0.25347057734735323
1673,0.1137181886191928
1674,0.6313854840529877
1675,0.08600843161713569
1676,0.06172348235780749
1677,0.11392740356801859
1678,0.022842102590430558
1679,0.07042689440535471
1680,0.07029092408287346
1681,0.02816693000443594
1682,0.6422840970233773
1683,0.04474527542801333
1684,0.1899300248061755
1685,0.02537107964812608
1686,0.6365340008647045
1687,0.03710326084946116
1688,0.4423991260931095
1689,0.04936042076724521
1690,0.063523544857845
1691,0.032360772470313874
1692,0.03861075924300321
1693,0.07565015514215705
1694,0.04499168413309494
1695,0.654971148951244
1696,0.05651962633705816
1697,0.8209554175001479
1698,0.1440936329251162
1699,0.04952007614896567
1700,0.07289776327045333
1701,0.2234609840937629
1702,0.09182205557747602
1703,0.7557868397917411
1704,0.07085088997753947
1705,0.028022803694158646
1706,0.1724428891758723
1707,0.35579358381278925
1708,0.07347584140304392
1709,0.024230457439405096
1710,0.02722895388050395
1711,0.10465635505162851
1712,0.28284926296845964
1713,0.16291857576117516
1714,0.09244933291847283
1715,0.005819534023527861
1716,0.7030348583386357
1717,0.1149933117747865
1718,0.411404100081776
1719,0.39265007637545685
1720,0.03796608667449626
1721,0.5321854184070813
1722,0.021841676104764715
1723,0.03359839272507147
1724,0.1279533124637706
1725,0.06426310254893794
1726,0.5258961105135358
1727,0.05457612732840895
1728,0.5527341388359942
1729,0.009083231681433459
1730,0.07961202315197427
1731,0.012940932106514752
1732,0.059169572686528144
1733,0.11604447235572093
1734,0.0022426478356365794
1735,0.6928076241368002
1736,0.04938308557755351
1737,0.0040065819591978795
1738,0.08493679805956342
1739,0.4531134955298501
1740,0.13135569436941003
1741,0.01144083736459191
1742,0.08444201111460835
1743,0.08878588382173676
1744,0.012039433402450846
1745,0.5287410444995496
1746,0.18887204353425613
1747,0.050272396119446644
1748,0.03278770154964096
1749,0.06488465039892714
1750,0.04824734401520339
1751,0.026715846711007463
1752,0.005757636114607814
1753,0.14106271979405413
1754,0.016137638258475986
1755,0.43551721979489927
1756,0.02617591677229846
1757,0.12428359152062439
1758,0.027169362303423986
1759,0.624455210299184
1760,0.024415030632961954
1761,0.29979386712663353
1762,0.18278000046477746
1763,0.540191930933105
1764,0.14190679784717142
1765,0.08190643812928912
1766,0.10838033292634107
1767,0.20520885325318933
1768,0.5219720127728823
1769,0.0802848353012047
1770,0.3636541797374646
1771,0.007965738397636063
1772,0.027904957870114596
1773,0.10077041029246135
1774,0.044099433858183795
1775,0.0988426628463236
1776,0.02006397996240461
1777,0.01185523386603749
1778,0.46549293261275543
1779,0.567733318726213
1780,0.0346668226463785
1781,0.015040455627452326
1782,0.05373391891206822
1783,0.12667118432846078
1784,0.07549623273583786
1785,0.09249739239446778
1786,0.3724105460483884
1787,0.08824164012003967
1788,0.042186873321257805
1789,0.02622602089743709
1790,0.24769998890870418
1791,0.034946158992160276
1792,0.00432796220174201
1793,0.12835165034558962
1794,0.6293275141684778
1795,0.0015782415117861024
1796,0.03569792038812475
1797,0.1038828125206342
1798,0.45206884126223384
1799,0.08549726331792512
1800,0.08991228132809047
1801,0.11237556664578287
1802,0.015156714865750749
1803,0.09044163448088646
1804,0.018518981040647316
1805,0.026963101024302053
1806,0.48123745222040604
1807,0.18691289519998885
1808,0.22671147761963642
1809,0.07867650424708268
1810,0.10391129516405524
1811,0.08419340949723074
1812,0.7440524508782445
1813,0.6820934951290478
1814,0.059318631827071935
1815,0.11977666400702118
1816,0.06263213459122208
1817,0.04083336899255871
1818,0.38572433338415174
1819,0.36960293591404103
1820,0.04813201036180878
1821,0.007369793704976808
1822,0.12312386478174663
1823,0.07086818733098327
1824,0.002345369260041346
1825,0.0037255373521692518
1826,0.6112215821442142
1827,0.24640089938500165
1828,0.050038925002625
1829,0.05279959554592064
1830,0.03582134557610674
1831,0.04080870835582999
1832,0.5085361399558573
1833,0.14261827656226195
1834,0.05161248465418307
1835,0.013788892603198155
1836,0.06294243502183279
1837,0.04771204440999405
1838,0.07547988416316417
1839,0.49291472668037534
1840,0.04078505627852448
1841,0.0678558719179503
1842,0.5930242765427135
1843,0.09653114772346327
1844,0.12924868533319875
1845,0.06022692245957936
1846,0.01953022896743923
1847,0.03599738270248802
1848,0.07219690099999408
1849,0.1099215035027357
1850,0.08554139499284112
